{"cameraMode":{"drawMode":0,"name":"Shaded","section":"Shading Mode"},"sceneLighting":false,"audioPlay":false,"sceneViewState":{"showFog":true,"showMaterialUpdate":false,"showSkybox":true,"showFlares":true,"showImageEffects":true,"showParticleSystems":true},"in2DMode":false,"pivot":{"x":0.15774011611938477,"y":-2.298720598220825,"z":-4.215888977050781},"rotation":{"x":0.2084728330373764,"y":-0.7024012207984924,"z":0.22840945422649384,"w":0.641093373298645},"size":5.757024765014648,"orthographic":false}