{"cameraMode":{"drawMode":0,"name":"Shaded","section":"Shading Mode"},"sceneLighting":false,"audioPlay":false,"sceneViewState":{"showFog":true,"showMaterialUpdate":false,"showSkybox":true,"showFlares":true,"showImageEffects":true,"showParticleSystems":true},"in2DMode":false,"pivot":{"x":-10.752260208129883,"y":-2.6514997482299806,"z":-0.015888988971710206},"rotation":{"x":0.2084728330373764,"y":-0.7024012207984924,"z":0.22840945422649384,"w":0.641093373298645},"size":3.5209131240844728,"orthographic":false}