{"cameraMode":{"drawMode":0,"name":"Shaded","section":"Shading Mode"},"sceneLighting":false,"audioPlay":false,"sceneViewState":{"showFog":true,"showMaterialUpdate":false,"showSkybox":true,"showFlares":true,"showImageEffects":true,"showParticleSystems":true},"in2DMode":false,"pivot":{"x":-12.326030731201172,"y":2.9999947547912599,"z":5.990000247955322},"rotation":{"x":0.2084728330373764,"y":-0.7024012207984924,"z":0.22840945422649384,"w":0.641093373298645},"size":11.912659645080567,"orthographic":false}